,accuracy,precision,recall,f1,roc_auc
log_reg,0.9790356394129979,0.8984375,0.6686046511627907,0.7666666666666667,0.9275467943398858
random_forest,0.9769392033542977,1.0,0.5523255813953488,0.7116104868913857,0.9323666664218944
xgboost,0.9679544773884396,0.8217821782178217,0.48255813953488375,0.608058608058608,0.9115781570116241
